risk_id,state,priority,likelihood,impact,category,risk,cause,effect,trigger,owner_key,response,next_review,visibility
R-001,Draft,High,High,High,Requirements,The baseline may become inaccurate after a new release,Rev 1 and later scorecards can supersede current assumptions,Teams could execute obsolete requirements,Any new revision or scorecard is published,geo,Run a two-business-day change review and re-baseline affected tasks,2026-09-04,Public-safe
R-002,Draft,High,Medium,High,Tooling,CAD configuration control may not be ready,Teamcenter access or university IT approval may be delayed,CAD readiness and later integration work could lose traceability,No confirmed platform and access path by 2026-09-11,fra,Use a documented controlled fallback with named custodian approvals and release archive,2026-09-11,Public-safe
R-003,Draft,High,Medium,High,External dependency,Battery analysis may wait on complete source data,Sponsored cell or vehicle specifications may arrive late,Battery targets and architecture modeling could compress,Required input is unavailable at the planned analysis start,dav,Define placeholders source log and work that can proceed independently; escalate missing inputs,2026-09-18,Public-safe
R-004,Draft,High,Medium,High,Staffing,Required leadership roles may remain unfilled,Recruiting and confirmation are incomplete,Work can become ownerless or overloaded,Any required role is still open on 2026-09-14,geo,Name interim owners backups and recruiting actions before the formal deadline,2026-09-14,Public-safe
R-005,Draft,Medium,High,Medium,Capacity,EcoCAR work may collide with Senior Design and coursework,Shared students have competing milestones and unclear boundaries,Priority work may stall or be duplicated,Two priority tasks overlap an academic milestone for one owner,geo,Publish approved boundaries capture conflicts and cap priority WIP at two items per person,2026-09-11,Public-safe
R-006,Draft,High,Medium,High,People,Consistent new members may stop attending before they own anything,"Members show interest at meetings but are not given a bounded task, a mentor or a visible result",Sub-teams lose capacity before the spring architecture work and leads spend time re-training replacements,"A regular attendee misses two Friday meetings in a row, or has no claimed task two weeks after joining",geo,Offer every consistent member a claimable starter task with a named mentor; show finished work at the Friday meeting; the mentor checks in with anyone who goes quiet,2026-10-09,Public-safe
R-007,Draft,High,Medium,High,Technical,The added hardware may exceed the curb-weight allowance,"The rear drive unit, pack, enclosure, cooling, wiring and instrumentation all draw on one weight allowance",An architecture that works on paper fails the maximum curb weight requirement,"The mass budget has rows without a source or an owner, or its total approaches the allowance",ant,Keep one mass budget with a sourced number and a named owner on every row; review it at every architecture decision,2026-10-09,Public-safe
R-008,Draft,High,High,Medium,Schedule,Graded deliverables stack up between mid-October and mid-November,"CAD readiness, off-road targets, the controls tool check, the Year 1 workplan and battery targets all fall within five weeks",Internal review gates get skipped and the same leads are overloaded,Any deliverable misses its content-complete gate,geo,Hold the internal gates; no lead owns two graded deliverables inside three weeks; reassign early when a gate slips,2026-10-09,Public-safe
R-009,Draft,High,Medium,High,Staffing,A workstream may depend on one person,Several work packages have a single owner and no named backup,An absence or an exam week stops the work,An owner cannot report at two meetings in a row,geo,Name a backup for every single-owner workstream; the backup's first task is to reproduce the owner's last result,2026-10-09,Public-safe
R-010,Draft,High,Low,High,Safety,High-voltage work may start before its procedures and coordinator exist,The Facilities and Safety Coordinator role is open and written procedures are required for each high-voltage activity,"Work is stopped, or unsafe work goes ahead",Any plan to handle a battery string above 50 V without an approved permit and a written procedure,ant,"Fill the coordinator role; allow no energized work above 50 V without a permit, qualified people and a written procedure; keep new-member tasks to analysis and modelling",2026-10-09,Public-safe
R-011,Draft,Medium,High,Medium,Knowledge,Know-how may leave with graduating leads,Setup steps and decisions live in individual heads and chat threads,Next year's team relearns the tools and repeats settled decisions,A lead starts their final semester with no written handoff for their seat,geo,Keep the onboarding guides and this hub current; keep each seat's responsibilities on the organization chart; write a handoff note for every seat,2026-10-09,Public-safe
