id,lane,title,why,output,done_when,feeds,mentor_key,capacity,status,claimed_by,source
ST-01,vse,Own one vehicle in the off-road benchmark,"The off-road targets have to be justified against at least three production vehicles, using public specifications.","One fully sourced row in the benchmark sheet for your vehicle: suspension, ground clearance, approach, breakover and departure angles, wheelbase, turning radius, driveline, underbody protection and recovery points.","Every cell holds a value or a clearly marked gap, and every value has a public source.",stla-offroad-targets,ant,Several owners - one vehicle each,Open,,Off-Road Performance Target Development requirement
ST-02,vse,Own one line of the vehicle target table,"Year 1 asks for a target range on each vehicle requirement, with the reasoning behind it.","One requirement written as a measurable target: value, unit, source, rationale and how it will be verified.",A lead who did not write it can tell how the target would be tested.,stla-architecture,ant,Several owners - one requirement each,Open,,"Vehicle Design Rules, vehicle technical specification"
ST-03,vhi,Own one candidate in the rear drive unit benchmark,"The team has to compare electric drive units before it can choose one, and every number needs a source.","One sourced row for a candidate drive unit: power, torque, mass, size, voltage and cooling.","Every value has a source, and missing values are marked as gaps instead of guessed.",stla-architecture,fra,Several owners - one candidate each,Open,,Year 1 taskline: rear eAxle benchmark and packaging
ST-04,vhi,Own one row of the mass budget,"Everything the team adds has to fit inside one weight allowance, so each added part needs an owner and a sourced mass.","One mass budget row for a component: mass, source, and your name as its owner.",The row has a source for its number and is reviewed by the Vehicle Track Technical Lead.,stla-architecture,fra,Several owners - one component each,Open,,Fall 2026 operating plan: mass budget
ST-05,vhi,Follow the CAD onboarding guide as a first-time user,"The guide is part of a graded submission, and it only works if someone new can follow it without help.","A short list of every step that was unclear or failed, handed to the guide's authors.","You reached the end of the guide, or recorded exactly where you could not continue.",stla-cad-readiness,jef,Several owners,Open,,CAD Data Management Readiness requirement
ST-06,vhi,Own one signal group in the measurement plan,Baseline testing needs a list of what to measure before any test is planned.,"Rows in the signal list for one group of signals: name, unit, where it is measured and which test needs it.",Each signal has a unit and a named test that uses it.,stla-baseline-testing,min,Several owners - one signal group each,Open,,Baseline Vehicle Testing measurement plan
ST-07,vhi,Write the bench CAN setup so the next person can repeat it,Getting a CAN adapter to show its first frame on the bench takes hours the first time and minutes once it is written down.,"A one-page bench setup note: adapter, software, bit rate, connector pinout and termination, with a screenshot of received frames.",A second member follows the note and sees frames without asking for help.,,min,One owner,Open,,Instrumentation and CAN bring-up work
ST-08,pcm,Follow the controls onboarding guide end to end,"This guide is the whole of a graded submission, so it has to work for a real new member.","A list of every step that was unclear or failed, with the error message where there was one.","The virtual vehicle model opens and runs on your machine, or the blocking step is recorded.",stla-pcm-tool-check,ron,Several owners,Open,,PCM Tool Check requirement
ST-09,pcm,Own one drive cycle run of the virtual vehicle,The simulation report compares the model against published figures on three standard drive cycles.,"A saved run of one cycle (UDDS, HWFET or US06) with a labelled plot and the change in battery state of charge recorded.",Another member reproduces your result from your notes.,stla-simulation,ron,Three owners - one cycle each,Open,,Virtual Vehicle Simulation requirement
ST-10,pcm,Build one small Simulink model for your subsystem,A model of five to eight blocks teaches the pattern the full vehicle model is built from.,"One small model, a script holding its parameters, one plot, and the answer to the question the model was built for.",The model runs from the script alone and the plot is labelled with units.,,ron,Several owners - one model each,Open,,Friday workshop track
ST-11,hvb,Own one pack configuration in the sweep,The battery targets need several series and parallel arrangements checked against the same limits.,"One configuration worked through: pack voltage, energy, module voltage and per-cell current, each checked against the competition limits.","The arithmetic is shown, units are stated, and a second member has checked it.",stla-battery-targets,dav,Several owners - one configuration each,Open,,Battery Performance Target Development requirement
ST-12,hvb,Write the contactor and precharge sequence on paper,The battery disconnect unit needs its states and fault cases written down before anything is built.,"A state table for the sequence (open, precharge, closed, fault) and a list of fault cases to test. Analysis and modelling only - no work on energized hardware.","Each state has an entry condition and an exit condition, and each fault case names the expected response.",stla-battery-targets,dav,Several owners - one fault group each,Open,,Battery disconnect unit and HV safety work
ST-13,pgm,Become the scorecard watcher,"Each scorecard is released about a month before its deliverable is due, and it defines what is graded.","For each new scorecard: a checklist of the graded items, handed to the deliverable's owner the week it appears.",The owner confirms the checklist matches the scorecard.,pm-workplan,geo,One owner,Open,,Fall 2026 operating plan: scorecard habit
ST-14,pgm,Map the dependencies for one swimlane,"The Year 1 workplan needs to show which work is waiting on which, and where classes collide with deadlines.","A dependency map for one swimlane: what each task needs first, who provides it, and the top schedule risks.",The swimlane lead agrees the map is right.,pm-workplan,nat,Several owners - one swimlane each,Open,,Integrated Year 1 Workplan requirement
ST-15,biz,Keep the outreach log,Outreach and social media activity are submitted at the end of the year and cannot be reconstructed afterwards.,"A running log of every outreach event and post: date, audience, what happened, and a photo where there is one.",The log is current at each Friday meeting.,marcom-year-end-logs,mar,One owner,Open,,"Social Media Data, Outreach Data and Asset Library requirement"
ST-16,biz,Run one customer interview,"The innovation track is judged on what real customers said, not on what the team assumes.","Notes from one interview against the shared question guide, with the three things you did not expect.",The Product Innovation Track lead has the notes and the interview is counted.,pit-studio2,aya,Several owners - one interview each,Open,,Product Innovation Track: customer discovery
